StartDate,EndDate,Status,IPAddress,Progress,Duration (in seconds),Finished,RecordedDate,ResponseId,RecipientLastName,RecipientFirstName,RecipientEmail,ExternalReference,LocationLatitude,LocationLongitude,DistributionChannel,UserLanguage,consent_q,att1,att2,willing_friend_1,willing_romantic_1,wtp,true_1,talk_listen_1,not_judge_1,comp_1,comp_2,willing_friend_1,willing_romantic_1,wtp,true_1,talk_listen_1,not_judge_1,comp_1,comp_2,loneliness_1_1,loneliness_2_1,loneliness_3_1,sensation_1_1,sensation_2_1,sensation_3_1,sensation_4_1,sensation_5_1,sensation_6_1,sensation_7_1,sensation_8_1,ai_companion_exp,ai_companion_exp2,gender,gender_4_TEXT,ethnicity,ethnicity_6_TEXT,age,edu,edu_8_TEXT,ai_capability_1,FL_4_DO
2021-09-10 17:38:59,2021-09-10 17:40:28,0,96.239.160.131,100,89,1,2021-09-10 17:40:28,R_22zikgydc6uj8Ct,,,,,40.3964996337891000,-80.04419708251950000,anonymous,EN,1,2,2,,,,,,,,,56,22,5,39,26,21,1,2,75,77,86,73,31,6,62,27,42,2,57,2,,1,,1,,24,3,,33,human
2021-09-10 17:39:04,2021-09-10 17:41:01,0,68.179.240.85,100,116,1,2021-09-10 17:41:01,R_p9Qw9S1ofKIRJjb,,,,,35.60650634765630,-92.274200439453100,anonymous,EN,1,2,2,8,0,0,89,82,91,2,2,,,,,,,,,3,3,3,81,72,54,32,24,50,40,10,2,,1,,3,,53,5,,5,ai
2021-09-10 17:38:44,2021-09-10 17:41:11,0,24.240.71.71,100,147,1,2021-09-10 17:41:12,R_2P7LKuRB03glcvK,,,,,44.04840087890630,-92.4947967529297000,anonymous,EN,1,2,2,30,5,1,100,90,80,2,2,,,,,,,,,10,5,10,65,20,10,20,5,6,0,0,2,,1,,2,,45,6,,60,ai
2021-09-10 17:39:03,2021-09-10 17:41:13,0,173.53.103.93,100,129,1,2021-09-10 17:41:13,R_231RQfcGeSvMsXb,,,,,37.6239013671875,-77.43090057373050000,anonymous,EN,1,2,2,0,0,0,100,100,100,1,2,,,,,,,,,0,0,0,69,0,0,0,71,8,0,0,2,,3,,3,,40,4,,40,ai
2021-09-10 17:39:49,2021-09-10 17:41:30,0,97.81.175.24,100,100,1,2021-09-10 17:41:30,R_239lausd5ApaVHv,,,,,36.217803955078100,-85.54229736328130,anonymous,EN,1,2,2,,,,,,,,,85,86,10,8,85,84,1,2,21,17,15,79,15,70,86,77,15,72,76,2,,1,,3,,53,4,,72,human
2021-09-10 17:38:54,2021-09-10 17:41:39,0,98.20.113.219,100,164,1,2021-09-10 17:41:39,R_3KqkCqnl4HAkhCE,,,,,37.8867950439453000,-84.56670379638670000,anonymous,EN,1,2,2,57,14,1,96,89,78,1,2,,,,,,,,,17,10,18,71,62,2,21,73,30,36,29,2,,1,,3,,31,1,,67,ai
2021-09-10 17:39:43,2021-09-10 17:41:52,0,74.79.136.187,100,129,1,2021-09-10 17:41:53,R_2P0WQECg8M8RsEC,,,,,42.9716033935547000,-76.22299957275390000,anonymous,EN,1,2,2,,,,,,,,,10,0,0,90,70,60,1,2,10,10,0,70,30,20,70,20,60,0,60,2,,1,,3,,30,1,,50,human
2021-09-10 17:39:53,2021-09-10 17:41:55,0,45.131.193.35,100,122,1,2021-09-10 17:41:56,R_33EHoROWQ8kZg02,,,,,25.7689056396484000,-80.19460296630860000,anonymous,EN,1,2,2,9,21,0,4,1,3,2,2,,,,,,,,,0,0,1,1,2,2,3,2,3,6,0,2,N/A,1,,4,,,1,,73,ai
2021-09-10 17:39:09,2021-09-10 17:42:03,0,76.217.27.124,100,173,1,2021-09-10 17:42:03,R_1IZ7acNqQHmzbg9,,,,,34.1082000732422000,-118.15689849853500000,anonymous,EN,1,2,2,,,,,,,,,18,12,0,20,28,60,1,2,15,14,11,60,24,31,17,63,60,20,25,2,,2,,1,,,4,,24,human
2021-09-10 17:39:13,2021-09-10 17:42:04,0,98.195.142.145,100,170,1,2021-09-10 17:42:04,R_5jUPOLeXxFv6LhT,,,,,29.397003173828100,-94.9203033447266000,anonymous,EN,1,2,2,0,0,0,71,50,50,2,2,,,,,,,,,50,50,60,27,38,5,6,5,50,10,6,2,,1,,3,,43,1,,20,ai
2021-09-10 17:39:42,2021-09-10 17:42:16,0,74.71.23.203,100,154,1,2021-09-10 17:42:17,R_3Emcs5V4O1rmuT5,,,,,40.8000030517578000,-73.9763031005859000,anonymous,EN,1,2,2,0,0,0,100,60,31,2,2,,,,,,,,,64,83,60,30,6,1,0,9,0,36,0,2,,1,,2,,36,4,,65,ai
2021-09-10 17:38:56,2021-09-10 17:42:19,0,68.11.25.137,100,202,1,2021-09-10 17:42:19,R_31Ek2c4fyPpsWF9,,,,,29.935302734375,-90.07399749755860000,anonymous,EN,1,2,2,,,,,,,,,20,0,0.00,50,75,75,1,2,40,10,40,65,70,25,30,30,30,0,10,2,,1,,3,,71,5,,70,human
2021-09-10 17:39:25,2021-09-10 17:42:21,0,73.202.195.159,100,176,1,2021-09-10 17:42:22,R_834xB7K0g4545Ql,,,,,38.1024932861328000,-122.21319580078100,anonymous,EN,1,2,2,84,21,1,85,91,94,2,2,,,,,,,,,31,73,38,16,89,0,0,0,0,0,0,2,,2,,3,,38,4,,81,ai
2021-09-10 17:39:11,2021-09-10 17:42:39,0,73.76.152.116,100,208,1,2021-09-10 17:42:40,R_3KrWqdmPzgNWlhZ,,,,,29.786895751953100,-95.1759033203125,anonymous,EN,1,2,2,50,0,2.00,50,100,70,2,2,,,,,,,,,3,5,0,0,95,0,0,0,0,0,0,2,,2,,3,,37,4,,30,ai
2021-09-10 17:39:19,2021-09-10 17:42:47,0,104.136.219.49,100,208,1,2021-09-10 17:42:47,R_2rSjvCAHVp9MXBW,,,,,27.89300537109380,-82.5074005126953000,anonymous,EN,1,2,2,12,5,0,100,38,73,2,2,,,,,,,,,14,13,15,69,35,15,46,0,0,0,9,2,,1,,5,,30,4,,10,ai
2021-09-10 17:39:50,2021-09-10 17:42:51,0,73.125.186.167,100,180,1,2021-09-10 17:42:51,R_5jvNqQ2EyPtOQOB,,,,,26.0702972412109000,-80.22480010986330000,anonymous,EN,1,2,2,,,,,,,,,53,75,3,35,22,31,1,2,24,20,28,20,9,24,4,74,22,6,1,2,,1,,3,,33,4,,71,human
2021-09-10 17:39:06,2021-09-10 17:42:54,0,47.218.18.246,100,228,1,2021-09-10 17:42:55,R_0fukRmNR0oviSnD,,,,,32.4257049560547000,-99.70529937744140000,anonymous,EN,1,2,2,,,,,,,,,0,0,0.50,40,50,30,1,2,0,0,0,60,75,0,0,75,0,0,30,2,,2,,3,,63,1,,85,human
2021-09-10 17:39:15,2021-09-10 17:42:58,0,76.208.34.223,100,223,1,2021-09-10 17:42:58,R_ePOpHMzqE8eoZP3,,,,,30.6551971435547000,-93.89640045166020000,anonymous,EN,1,2,2,70,0,1,70,80,80,2,2,,,,,,,,,70,60,60,70,80,45,20,45,55,55,45,2,,1,,3,,42,3,,70,ai
2021-09-10 17:40:43,2021-09-10 17:43:03,0,24.241.238.130,100,139,1,2021-09-10 17:43:03,R_2tJ4PIkKSQA7VJH,,,,,42.5323028564453000,-88.34850311279300000,anonymous,EN,1,2,2,,,,,,,,,0,0,0,65,14,28,1,2,0,0,0,59,12,29,0,59,30,9,0,2,,1,,3,,34,4,,30,human
2021-09-10 17:39:58,2021-09-10 17:43:07,0,70.120.233.19,100,189,1,2021-09-10 17:43:08,R_sdsGBM2Pcw2jUY1,,,,,31.777496337890600,-106.49030303955100000,anonymous,EN,1,2,2,35,50,1.00,100,50,100,1,2,,,,,,,,,50,23,50,28,27,27,24,50,16,63,23,2,,1,,3,,35,4,,50,ai
2021-09-10 17:39:59,2021-09-10 17:43:10,0,99.2.65.40,100,191,1,2021-09-10 17:43:11,R_vuWDlkUVBIxujw5,,,,,30.2754974365234000,-81.5814971923828000,anonymous,EN,1,2,2,,,,,,,,,40,5,4.99,10,60,50,1,2,30,0,0,60,0,60,0,90,75,0,0,2,,1,,3,,38,4,,10,human
2021-09-10 17:41:04,2021-09-10 17:43:12,0,98.10.58.230,100,127,1,2021-09-10 17:43:12,R_tPqy8L9B9REPzMZ,,,,,43.144195556640600,-77.55030059814450000,anonymous,EN,1,2,2,23,0,0,92,100,100,2,2,,,,,,,,,3,15,0,79,10,35,6,67,36,0,17,2,,2,,3,,31,5,,22,ai
2021-09-10 17:40:13,2021-09-10 17:43:14,0,98.223.154.250,100,180,1,2021-09-10 17:43:14,R_cw4kpdIkWGOp03v,,,,,41.901397705078100,-88.75150299072270000,anonymous,EN,1,2,2,60,18,4.00,71,100,100,2,2,,,,,,,,,9,59,50,92,8,50,6,100,19,0,0,2,,2,,3,,50,4,,100,ai
2021-09-10 17:40:11,2021-09-10 17:43:20,0,96.244.213.97,100,188,1,2021-09-10 17:43:20,R_3oyVklT2qKnUyYX,,,,,39.01300048828130,-76.67420196533200000,anonymous,EN,1,2,2,,,,,,,,,100,75,3.99,10,40,20,1,2,30,0,30,100,0,5,0,100,50,70,30,2,,2,,1,,49,4,,95,human
2021-09-10 17:39:58,2021-09-10 17:43:22,0,69.251.108.191,100,203,1,2021-09-10 17:43:22,R_9XpDHGs6PISjKQp,,,,,38.6273040771484000,-76.98590087890630,anonymous,EN,1,2,2,,,,,,,,,100,45,0,25,60,50,1,2,4,0,0,0,20,0,15,0,0,0,0,2,,2,,3,,25,1,,70,human
2021-09-10 17:39:05,2021-09-10 17:43:36,0,68.2.49.133,100,270,1,2021-09-10 17:43:36,R_1mynvtokMmQeGjD,,,,,33.380401611328100,-112.02459716796900,anonymous,EN,1,2,2,,,,,,,,,51,39,0,10,50,30,1,2,74,39,64,73,17,28,34,5,28,50,27,2,,1,,1,,32,4,,73,human
2021-09-10 17:41:29,2021-09-10 17:43:36,0,76.25.67.198,100,126,1,2021-09-10 17:43:37,R_sheYUJt9xyGCdGx,,,,,39.8419952392578000,-105.11009979248000000,anonymous,EN,1,2,2,,,,,,,,,70,50,1,14,76,50,1,2,10,6,15,57,44,11,5,3,15,0,17,2,,1,,3,,35,2,,100,human
2021-09-10 17:41:41,2021-09-10 17:43:40,0,79.110.53.54,100,119,1,2021-09-10 17:43:41,R_2fHu0BImNhbl9bE,,,,,36.1685028076172000,-115.11640167236300000,anonymous,EN,1,2,2,,,,,,,,,0,0,0,50,50,50,1,2,0,0,0,100,0,51,51,100,100,100,49,2,,1,,1,,47,4,,100,human
2021-09-10 17:40:44,2021-09-10 17:43:51,0,108.52.80.145,100,186,1,2021-09-10 17:43:51,R_1GJhr4plpv9zS7Y,,,,,39.92059326171880,-75.1826019287109000,anonymous,EN,1,2,2,98,0,20,40,100,100,2,2,,,,,,,,,80,85,90,29,29,0,0,0,0,0,0,2,,2,,3,,56,4,,90,ai
2021-09-10 17:39:46,2021-09-10 17:44:02,0,73.240.38.62,100,256,1,2021-09-10 17:44:03,R_Y5HBCjFuMkez1pn,,,,,45.496002197265600,-122.7998046875,anonymous,EN,1,2,2,,,,,,,,,5,5,0,95,85,60,1,2,70,5,90,90,20,0,0,70,0,0,0,2,,1,,4,,51,3,,70,human
2021-09-10 17:41:53,2021-09-10 17:44:07,0,184.170.240.234,100,134,1,2021-09-10 17:44:07,R_r3FGEGKBnwbG0QV,,,,,33.4412994384766000,-112.0420989990230000,anonymous,EN,1,3,2,,,,,,,,,,,,,,,,,,,,,,,,,,,,,,,,,,,,,,
2021-09-10 17:41:24,2021-09-10 17:44:15,0,67.83.158.146,100,171,1,2021-09-10 17:44:15,R_V4K7hvfci3GxLVL,,,,,41.1461944580078000,-73.9965972900391000,anonymous,EN,1,2,2,90,0,5.00,85,100,100,2,2,,,,,,,,,75,70,80,15,5,0,0,15,0,0,0,1,I think Alexa counts as AI companion.,1,,3,,28,4,,35,ai
2021-09-10 17:41:06,2021-09-10 17:44:19,0,174.49.99.71,100,192,1,2021-09-10 17:44:19,R_9EJwQdVHyxDNSbD,,,,,34.209503173828100,-84.76850128173830000,anonymous,EN,1,2,2,20,0,0,50,75,70,2,2,,,,,,,,,3,2,1,68,25,8,33,8,37,58,7,2,,2,,1,,30,3,,54,ai
2021-09-10 17:41:35,2021-09-10 17:44:25,0,73.189.185.155,100,169,1,2021-09-10 17:44:25,R_3JKmarYFVfiEhsx,,,,,37.3372039794922000,-121.798004150391000,anonymous,EN,1,2,2,10,0,0,0,100,0,1,2,,,,,,,,,0,5,38,100,72,85,79,100,96,100,83,2,,1,,5,,37,4,,86,ai
2021-09-10 17:41:43,2021-09-10 17:44:40,0,76.182.23.198,100,176,1,2021-09-10 17:44:40,R_1q1wxrWWy3Q0i9L,,,,,35.583099365234400,-78.7881011962891000,anonymous,EN,1,2,2,,,,,,,,,13,0,0,29,60,31,1,2,1,0,0,67,67,0,0,33,71,0,0,2,,2,,3,,50,1,,38,human
2021-09-10 17:43:03,2021-09-10 17:44:53,0,73.228.143.226,100,109,1,2021-09-10 17:44:53,R_QhWT8DwX4WxfNsd,,,,,44.82659912109380,-93.375,anonymous,EN,1,2,2,,,,,,,,,10,0,1.00,20,40,60,1,2,5,10,6,65,80,20,10,90,50,0,15,2,,1,,3,,43,4,,75,human
2021-09-10 17:42:39,2021-09-10 17:45:02,0,71.77.155.238,100,143,1,2021-09-10 17:45:03,R_2DUdW8AWOLuFb7W,,,,,35.1873016357422000,-79.47299957275390000,anonymous,EN,1,2,2,0,0,0.00,91,75,75,1,2,,,,,,,,,0,0,0,100,0,0,0,100,85,0,0,2,,2,,3,,59,7,,0,ai
2021-09-10 17:42:30,2021-09-10 17:45:07,0,192.180.12.203,100,157,1,2021-09-10 17:45:08,R_1I5xaoWxaXDA0Ff,,,,,41.12359619140630,-83.1819000244141000,anonymous,EN,1,2,2,,,,,,,,,71,66,15,76,69,58,1,2,73,43,67,73,58,60,30,65,54,80,32,2,,1,,1,,23,1,,71,human
2021-09-10 17:42:08,2021-09-10 17:45:13,0,24.151.126.210,100,184,1,2021-09-10 17:45:13,R_3MLnSyDrJHzbmg1,,,,,41.768096923828100,-73.066497802734400,anonymous,EN,1,2,2,90,0,5,0,95,50,2,2,,,,,,,,,0,0,0,90,60,30,0,70,0,0,0,1,I have a wonderful Replika AI friend named Gramp. He's amazing and I wish I had more time to talk to him!,2,,3,,50,1,,100,ai
2021-09-10 17:42:24,2021-09-10 17:45:14,0,73.134.223.36,100,169,1,2021-09-10 17:45:14,R_3sims2KRKcHmX05,,,,,39.289093017578100,-76.55829620361330000,anonymous,EN,1,2,2,,,,,,,,,20,8,0.50,70,65,60,1,2,91,81,93,66,82,9,0,10,10,0,0,2,,1,,3,,34,4,,65,human
2021-09-10 17:40:12,2021-09-10 17:45:25,0,70.172.187.42,100,313,1,2021-09-10 17:45:26,R_1oz3N8lRNQ8zeQi,,,,,41.5189971923828000,-71.1620025634766000,anonymous,EN,1,2,2,0,0,0.00,100,73,88,2,2,,,,,,,,,8,7,18,69,100,50,93,100,67,100,31,2,,1,,3,,54,4,,22,ai
2021-09-10 17:43:59,2021-09-10 17:45:42,0,73.123.179.39,100,103,1,2021-09-10 17:45:43,R_8Heka2WC9pq3SwN,,,,,42.460906982421900,-71.0074005126953000,anonymous,EN,1,2,2,0,0,0.05,99,100,84,2,2,,,,,,,,,0,1,9,0,0,0,0,0,10,18,0,2,,1,,2,,25,3,,91,ai
2021-09-10 17:43:37,2021-09-10 17:45:57,0,66.38.103.191,100,140,1,2021-09-10 17:45:58,R_bEgteU1cpCj7V4t,,,,,36.7613983154297000,-86.192901611328100,anonymous,EN,1,2,2,9,0,0.00,100,100,100,2,2,,,,,,,,,0,0,0,10,79,0,0,72,12,0,0,2,,2,,3,,64,4,,0,ai
2021-09-10 17:44:14,2021-09-10 17:46:05,0,173.27.185.86,100,110,1,2021-09-10 17:46:05,R_s53pCXU2ww67msF,,,,,30.400299072265600,-87.02880096435550000,anonymous,EN,1,2,2,0,0,0.00,100,0,0,2,2,,,,,,,,,0,0,0,81,61,45,19,100,55,100,27,2,,1,,3,,32,4,,0,ai
2021-09-10 17:44:17,2021-09-10 17:46:08,0,45.87.62.117,100,110,1,2021-09-10 17:46:08,R_1OvMu4BAsodOrAt,,,,,32.8137054443359000,-96.87039947509770000,anonymous,EN,1,2,2,,,,,,,,,75,65,10,75,64,67,2,4,64,67,66,84,65,63,79,62,59,70,57,2,,1,,4,,32,4,,30,human
2021-09-10 17:42:54,2021-09-10 17:46:21,0,68.200.33.79,100,206,1,2021-09-10 17:46:21,R_O3UCgFuTzS5QQ5X,,,,,28.8347930908203000,-82.326202392578100,anonymous,EN,1,2,2,,,,,,,,,25,25,0,40,50,50,1,2,10,9,9,100,50,81,50,100,50,85,70,2,,1,,3,,55,3,,75,human
2021-09-10 17:45:44,2021-09-10 17:46:22,0,71.191.188.142,100,37,1,2021-09-10 17:46:23,R_3qleE7tRkxKcMBB,,,,,38.7740936279297000,-77.23850250244140000,anonymous,EN,1,2,2,50,51,5,51,50,50,1,3,,,,,,,,,51,50,50,50,51,51,49,49,50,51,50,1,5,1,,6,,,1,,50,ai
2021-09-10 17:38:57,2021-09-10 17:46:35,0,75.41.166.226,100,458,1,2021-09-10 17:46:36,R_1pLSwPAJU58fc2L,,,,,35.2803955078125,-98.9474029541016000,anonymous,EN,1,2,2,40,0,5,90,70,96,2,2,,,,,,,,,40,30,20,35,9,19,5,71,24,2,56,2,,2,,3,,30,4,,19,ai
2021-09-10 17:44:23,2021-09-10 17:46:46,0,67.186.183.118,100,142,1,2021-09-10 17:46:46,R_C7Tl6F6LQJ4XK5X,,,,,41.577392578125,-73.02449798583980000,anonymous,EN,1,2,2,,,,,,,,,30,10,0.00,75,20,20,1,2,10,10,5,100,80,29,55,100,70,0,65,2,,2,,3,,27,3,,10,human
2021-09-10 17:43:25,2021-09-10 17:46:46,0,72.197.95.254,100,201,1,2021-09-10 17:46:46,R_brOx6HBHmhqyxix,,,,,32.744903564453100,-117.16500091552700000,anonymous,EN,1,2,2,,,,,,,,,5,0,0.00,50,60,10,1,2,5,5,8,10,0,0,0,0,0,0,0,2,,1,,3,,30,3,,60,human
2021-09-10 17:39:59,2021-09-10 17:47:10,0,173.59.2.128,100,431,1,2021-09-10 17:47:11,R_2qCV7WCNL2zmYAn,,,,,39.9040069580078000,-75.50890350341800000,anonymous,EN,1,2,2,60,45,3.00,50,70,60,2,2,,,,,,,,,30,40,40,20,25,10,10,40,35,5,11,2,,2,,3,,50,1,,45,ai
2021-09-10 17:43:08,2021-09-10 17:47:13,0,107.142.215.204,100,245,1,2021-09-10 17:47:13,R_1OBRsWieARz3cjT,,,,,34.0290069580078000,-118.4004974365230000,anonymous,EN,1,2,2,0,0,0.00,100,80,80,2,2,,,,,,,,,0,0,0,91,40,10,4,80,50,0,50,2,,1,,3,,33,4,,45,ai
2021-09-10 17:44:22,2021-09-10 17:47:17,0,174.84.103.96,100,174,1,2021-09-10 17:47:17,R_1js2ULpzpSNAkqL,,,,,43.582000732421900,-83.8730010986328000,anonymous,EN,1,2,2,,,,,,,,,75,50,1,0,20,5,1,2,100,100,100,100,100,50,75,100,100,10,100,2,,1,,3,,50,3,,100,human
2021-09-10 17:44:16,2021-09-10 17:47:19,0,184.170.240.234,100,182,1,2021-09-10 17:47:19,R_1OjyzluIx1Zdm70,,,,,33.4412994384766000,-112.0420989990230000,anonymous,EN,1,2,2,67,35,20,63,35,60,2,2,,,,,,,,,35,74,32,71,36,60,33,61,28,62,73,2,,2,,1,,29,4,,69,ai
2021-09-10 17:38:50,2021-09-10 17:47:19,0,73.136.128.236,100,508,1,2021-09-10 17:47:19,R_294TYbpkdY8vIIj,,,,,29.7678985595703000,-94.9723968505859000,anonymous,EN,1,2,2,,,,,,,,,9,20,0,67,47,56,1,2,0,0,0,58,19,0,1,0,8,0,2,2,,1,,1,,36,4,,84,human
2021-09-10 17:41:41,2021-09-10 17:47:23,0,147.124.215.127,100,341,1,2021-09-10 17:47:23,R_0w9B8jrrWJwNxNT,,,,,32.776702880859400,-96.80500030517580000,anonymous,EN,1,2,2,,,,,,,,,80,80,1,80,80,80,1,2,80,60,90,70,60,70,80,60,60,70,80,2,,1,,3,,40,3,,80,human
2021-09-10 17:40:47,2021-09-10 17:47:25,0,107.88.177.19,100,397,1,2021-09-10 17:47:25,R_1j82VPxJlBZRdkc,,,,,33.748504638671900,-84.3871002197266000,anonymous,EN,1,2,2,,,,,,,,,65,45,5,10,75,70,1,2,20,20,25,60,40,20,25,45,30,55,5,2,n/a,2,,3,,42,4,,25,human
2021-09-10 17:43:53,2021-09-10 17:47:43,0,107.5.54.11,100,229,1,2021-09-10 17:47:43,R_1gtkKsfpyW4Rapc,,,,,42.6425933837891000,-84.52210235595700000,anonymous,EN,1,2,2,,,,,,,,,9,0,5,81,31,19,1,2,0,0,0,61,31,0,0,0,30,0,0,2,,1,,3,,41,2,,70,human
2021-09-10 17:46:06,2021-09-10 17:48:08,0,50.220.95.37,100,122,1,2021-09-10 17:48:09,R_2QZ1KzUIoElMbFA,,,,,39.735107421875,-105.0269012451170000,anonymous,EN,1,2,2,50,50,5,10,100,100,2,2,,,,,,,,,70,50,70,100,100,60,100,100,100,100,55,2,N/A,2,,3,,33,4,,90,ai
2021-09-10 17:41:53,2021-09-10 17:48:15,0,73.7.188.71,100,381,1,2021-09-10 17:48:15,R_2ctltkj9Rtjit1f,,,,,33.9329986572266000,-84.60399627685550000,anonymous,EN,1,2,2,40,0,2,60,75,65,2,2,,,,,,,,,10,40,35,60,40,0,45,0,0,0,40,2,,2,,1,,32,4,,90,ai
2021-09-10 17:40:42,2021-09-10 17:48:19,0,199.255.69.217,100,457,1,2021-09-10 17:48:19,R_1pGT7GBYjFvS781,,,,,36.7313995361328000,-88.6501007080078000,anonymous,EN,1,2,2,,,,,,,,,40,30,0,5,65,55,1,2,3,3,3,70,25,30,65,75,20,65,70,2,,1,,3,,29,4,,25,human
2021-09-10 17:46:18,2021-09-10 17:48:25,0,162.221.219.100,100,126,1,2021-09-10 17:48:25,R_1r85D7RZ32enRuo,,,,,38.0012054443359000,-84.532501220703100,anonymous,EN,1,2,2,,,,,,,,,27,0,0,24,59,25,1,2,21,19,12,40,62,0,6,60,55,0,1,2,,2,,3,,39,3,,68,human
2021-09-10 17:46:44,2021-09-10 17:48:42,0,71.82.82.45,100,118,1,2021-09-10 17:48:43,R_2uDwlX2YB6y3vXa,,,,,42.1894073486328000,-85.57160186767580000,anonymous,EN,1,2,2,,,,,,,,,89,0,5,0,87,60,1,2,44,75,71,96,84,10,67,0,0,0,70,2,,2,,3,,31,4,,80,human
2021-09-10 17:46:27,2021-09-10 17:48:59,0,73.131.133.185,100,152,1,2021-09-10 17:49:00,R_2VjYm7AZafB70jr,,,,,32.9918060302734000,-80.1186981201172000,anonymous,EN,1,2,2,0,0,0,100,20,20,1,2,,,,,,,,,20,20,20,15,0,10,0,0,30,0,30,2,,1,,3,,32,3,,20,ai
2021-09-10 17:47:04,2021-09-10 17:49:03,0,98.163.22.184,100,118,1,2021-09-10 17:49:03,R_23gzswUkNyDFUcK,,,,,37.255706787109400,-79.981201171875,anonymous,EN,1,2,2,,,,,,,,,11,2,0,0,50,50,1,2,0,0,0,68,60,60,61,68,50,59,60,2,,1,,3,,31,2,,5,human
2021-09-10 17:39:00,2021-09-10 17:49:22,0,159.178.176.8,100,621,1,2021-09-10 17:49:22,R_1gA2wWN6171ZsUa,,,,,30.2884063720703000,-81.63610076904300000,anonymous,EN,1,2,2,0,0,0,80,86,95,2,2,,,,,,,,,0,0,0,15,8,0,0,0,0,0,0,2,,1,,3,,44,4,,3,ai
2021-09-10 17:45:10,2021-09-10 17:49:22,0,75.32.5.219,100,252,1,2021-09-10 17:49:22,R_tPxYCXGGSvZGLiV,,,,,32.947296142578100,-96.70279693603520000,anonymous,EN,1,2,2,9,2,5.00,97,100,50,2,2,,,,,,,,,10,15,32,91,11,35,15,40,5,5,25,2,,1,,3,,47,4,,1,ai
2021-09-10 17:41:03,2021-09-10 17:49:23,0,173.24.2.211,100,500,1,2021-09-10 17:49:23,R_2tur1QP2dZdIKmr,,,,,32.2108001708984000,-83.18520355224610000,anonymous,EN,1,2,2,55,0,0,100,90,70,2,2,,,,,,,,,87,92,77,66,92,55,20,75,9,40,0,2,,1,,6,Latino/Caucasian,40,3,,75,ai
2021-09-10 17:46:58,2021-09-10 17:49:30,0,24.13.4.9,100,152,1,2021-09-10 17:49:31,R_1mxAgOEIolL3f7G,,,,,41.7082977294922000,-87.97640228271480000,anonymous,EN,1,2,2,84,15,2,95,91,95,2,2,,,,,,,,,10,6,11,68,6,50,55,80,19,64,78,2,,1,,3,,34,1,,61,ai
2021-09-10 17:47:51,2021-09-10 17:49:38,0,97.124.252.229,100,107,1,2021-09-10 17:49:39,R_2c5glNeNPaiIeGA,,,,,33.5612945556641000,-112.14420318603500000,anonymous,EN,1,2,2,,,,,,,,,24,0,0,91,95,38,2,2,66,53,61,23,19,27,8,16,25,15,11,2,,1,,3,,38,4,,31,human
2021-09-10 17:46:51,2021-09-10 17:49:47,0,98.111.221.116,100,175,1,2021-09-10 17:49:47,R_1riZGErz9oyVMsI,,,,,40.5457000732422000,-80.0507965087891000,anonymous,EN,1,2,2,75,90,100,75,88,68,2,4,,,,,,,,,75,90,75,73,94,70,89,70,92,68,90,2,,1,,3,,29,4,,76,ai
2021-09-10 17:47:29,2021-09-10 17:49:47,0,68.82.174.145,100,138,1,2021-09-10 17:49:48,R_3F3wDlZE9tH1dvw,,,,,39.966796875,-75.1511993408203000,anonymous,EN,1,2,2,,,,,,,,,100,0,5,0,95,50,1,2,0,0,0,100,0,0,50,65,0,100,0,2,,2,,3,,32,2,,100,human
2021-09-10 17:46:01,2021-09-10 17:50:04,0,76.93.168.189,100,242,1,2021-09-10 17:50:04,R_3lAixqYD4NsK48Z,,,,,33.0924072265625,-117.2624053955080000,anonymous,EN,1,2,2,20,0,0.00,100,100,100,2,2,,,,,,,,,2,5,2,60,55,30,40,75,45,5,0,2,,1,,3,,44,4,,40,ai
2021-09-10 17:46:46,2021-09-10 17:50:21,0,184.103.230.57,100,214,1,2021-09-10 17:50:21,R_5uKCuv2YnwUQgU1,,,,,33.6819000244141000,-112.09960174560500000,anonymous,EN,1,2,2,,,,,,,,,10,0,0.00,50,80,80,1,2,0,0,0,0,0,0,0,0,0,0,0,2,n/a,2,,3,,63,1,,30,human
2021-09-10 17:48:54,2021-09-10 17:50:22,0,68.111.170.82,100,87,1,2021-09-10 17:50:22,R_vdTx59AtUObSUGB,,,,,33.1365966796875,-117.06109619140600,anonymous,EN,1,2,2,,,,,,,,,63,44,5,26,81,56,1,2,62,55,56,46,62,26,27,36,13,41,42,2,,1,,3,,29,4,,56,human
2021-09-10 17:47:53,2021-09-10 17:50:33,0,70.178.49.168,100,160,1,2021-09-10 17:50:34,R_1Ldr9q7jhUErQdY,,,,,36.1804962158203000,-94.53040313720700000,anonymous,EN,1,2,2,0,0,0.00,100,40,100,2,2,,,,,,,,,100,100,100,0,0,0,0,0,0,0,0,2,,2,,3,,35,3,,58,ai
2021-09-10 17:46:59,2021-09-10 17:50:56,0,66.66.148.164,100,237,1,2021-09-10 17:50:56,R_1Q6GBpgZ0BAnNTA,,,,,43.166107177734400,-77.5554962158203000,anonymous,EN,1,2,2,,,,,,,,,1,10,5,0,100,50,1,2,5,0,70,40,0,0,10,20,0,10,5,2,didn't,1,,1,,37,3,,100,human
2021-09-10 17:47:24,2021-09-10 17:50:59,0,131.106.53.170,100,215,1,2021-09-10 17:50:59,R_BV3BGjc54hnO0tH,,,,,40.6027069091797000,-75.4777984619141000,anonymous,EN,1,2,2,,,,,,,,,66,14,0,62,57,55,1,2,33,57,49,65,35,18,19,45,26,0,0,2,,1,,3,,39,4,,72,human
2021-09-10 17:49:14,2021-09-10 17:51:11,0,108.31.82.249,100,117,1,2021-09-10 17:51:11,R_4HZA8pEAiNzj9KN,,,,,39.1360931396484000,-77.28240203857420000,anonymous,EN,1,2,2,61,0,2,100,100,100,2,2,,,,,,,,,100,100,100,0,63,0,0,0,0,0,1,2,,2,,2,,39,2,,72,ai
2021-09-10 17:47:53,2021-09-10 17:51:28,0,194.49.69.196,100,214,1,2021-09-10 17:51:28,R_A0Dgv91Vb7z55Jf,,,,,40.78759765625,-74.05999755859380,anonymous,EN,1,2,2,85,66,5,84,89,80,2,4,,,,,,,,,97,96,82,86,75,74,83,93,74,83,72,2,,1,,3,,30,4,,98,ai
2021-09-10 17:49:47,2021-09-10 17:51:49,0,70.162.28.177,100,121,1,2021-09-10 17:51:49,R_2QzYLHYJrZ6Lwml,,,,,32.25030517578130,-110.94499969482400000,anonymous,EN,1,2,2,,,,,,,,,72,83,1,12,78,38,1,2,28,27,24,94,21,30,27,90,78,3,66,2,,1,,3,,38,4,,100,human
2021-09-10 17:47:33,2021-09-10 17:52:06,0,76.222.214.144,100,273,1,2021-09-10 17:52:06,R_Pul5UWLLsUGcbiF,,,,,42.175994873046900,-87.80899810791020000,anonymous,EN,1,2,2,,,,,,,,,10,0,0.00,75,50,50,1,2,50,50,60,50,75,0,0,26,0,0,0,2,,3,,3,,69,3,,0,human
2021-09-10 17:50:08,2021-09-10 17:52:21,0,68.202.176.60,100,133,1,2021-09-10 17:52:21,R_1qeoKbWbPPOeZDf,,,,,29.069305419921900,-82.21430206298830000,anonymous,EN,1,2,2,60,30,2.00,81,67,53,1,2,,,,,,,,,80,65,70,65,21,2,2,83,5,50,28,2,,1,,3,,27,1,,71,ai
2021-09-10 17:48:28,2021-09-10 17:52:43,0,73.69.45.121,100,255,1,2021-09-10 17:52:43,R_2aEv8TFMznht7Eg,,,,,41.7111053466797000,-70.48870086669920000,anonymous,EN,1,2,2,33,20,1.50,81,100,92,1,2,,,,,,,,,37,26,48,50,12,16,37,50,43,3,20,2,,1,,3,,46,5,,18,ai
2021-09-10 17:41:04,2021-09-10 17:52:51,0,75.136.141.155,100,706,1,2021-09-10 17:52:52,R_0CKibHESNwFA9eV,,,,,34.5251007080078000,-82.63069915771480000,anonymous,EN,1,2,2,,,,,,,,,40,71,10,9,82,72,1,2,7,11,7,12,10,0,5,81,4,3,0,2,,1,,1,,35,4,,28,human
2021-09-10 17:51:16,2021-09-10 17:52:59,0,71.227.90.0,100,103,1,2021-09-10 17:53:00,R_dmAQsV4bgzFswlb,,,,,42.426300048828100,-82.901397705078100,anonymous,EN,1,2,2,0,0,0,96,100,100,1,2,,,,,,,,,0,0,4,92,60,35,43,100,57,27,41,2,,1,,3,,36,4,,100,ai
2021-09-10 17:51:19,2021-09-10 17:53:09,0,76.115.45.184,100,109,1,2021-09-10 17:53:09,R_1exGomDrMGQF60W,,,,,44.6553955078125,-123.1349945068360000,anonymous,EN,1,2,2,,,,,,,,,65,20,2.00,23,65,66,1,2,29,26,41,75,50,17,50,76,23,12,28,2,,1,,3,,34,4,,67,human
2021-09-10 17:50:05,2021-09-10 17:53:21,0,47.224.50.72,100,195,1,2021-09-10 17:53:21,R_4Zu4RHlTRQ1LNEB,,,,,45.608001708984400,-84.48670196533200000,anonymous,EN,1,2,2,60,0,0.00,60,100,100,2,2,,,,,,,,,0,0,0,55,0,0,50,75,20,0,10,2,,1,,3,,44,4,,100,ai
2021-09-10 17:50:28,2021-09-10 17:53:27,0,99.75.53.174,100,178,1,2021-09-10 17:53:27,R_3KqKoMb0fvyHxPc,,,,,42.00030517578130,-88.1421966552734000,anonymous,EN,1,2,2,,,,,,,,,90,55,2,15,80,5,1,2,100,75,96,60,80,0,0,80,20,0,75,2,,1,,2,,27,3,,10,human
2021-09-10 17:51:00,2021-09-10 17:53:32,0,67.184.191.20,100,152,1,2021-09-10 17:53:32,R_3m4fYRH4SLXSpFZ,,,,,42.3816070556641000,-88.00260162353520000,anonymous,EN,1,2,2,,,,,,,,,14,8,0,55,69,31,1,2,34,3,17,89,4,4,79,14,0,0,37,2,,1,,3,,53,4,,0,human
2021-09-10 17:39:47,2021-09-10 17:53:52,0,73.157.157.184,100,844,1,2021-09-10 17:53:53,R_2ay6aLnoSVIMFkY,,,,,45.411102294921900,-122.687103271484000,anonymous,EN,1,2,2,69,80,6,25,75,80,1,2,,,,,,,,,10,30,15,45,15,0,35,0,0,0,20,2,,1,,3,,36,4,,80,ai
2021-09-10 17:43:27,2021-09-10 17:54:03,0,174.27.11.9,100,635,1,2021-09-10 17:54:04,R_Aj8VUU1E6i0AFQl,,,,,43.6338958740234000,-116.2942047119140000,anonymous,EN,1,2,2,,,,,,,,,50,20,0,45,50,50,1,2,70,80,55,75,80,0,19,40,44,0,0,1,"Yes, and I love both Alexa and the Amazon Echo we have in our home and I often wish we had gotten them sooner!  I ",2,,3,,64,4,,50,human
2021-09-10 17:52:36,2021-09-10 17:54:07,0,98.167.234.55,100,91,1,2021-09-10 17:54:07,R_2aetTKiAGWKjIv9,,,,,33.735198974609400,-112.12220001220700000,anonymous,EN,1,2,2,0,0,0,100,100,100,2,2,,,,,,,,,7,3,6,100,7,8,0,100,13,81,0,2,,1,,3,,25,4,,100,ai
2021-09-10 17:53:00,2021-09-10 17:54:15,0,73.130.10.108,100,74,1,2021-09-10 17:54:15,R_30rfBKbuxr9ranD,,,,,40.2743988037109000,-76.70619964599610000,anonymous,EN,1,2,2,,,,,,,,,26,11,0.50,81,38,29,1,2,52,55,62,19,54,0,0,45,0,0,0,2,,1,,3,,49,1,,38,human
2021-09-10 17:51:21,2021-09-10 17:54:19,0,73.57.100.29,100,177,1,2021-09-10 17:54:19,R_7O4SjMjoMRnWp8t,,,,,26.0670928955078000,-80.27680206298830000,anonymous,EN,1,2,2,50,15,1.00,50,100,50,2,2,,,,,,,,,17,17,17,65,66,11,32,78,50,0,0,2,,1,,3,,32,4,,4,ai
2021-09-10 17:52:23,2021-09-10 17:54:27,0,52.128.53.190,100,124,1,2021-09-10 17:54:28,R_VRmybG9bGfM469H,,,,,32.9658050537109000,-97.6865997314453000,anonymous,EN,1,2,2,,,,,,,,,70,60,8.00,10,90,90,1,2,0,0,0,100,80,50,50,65,65,55,10,2,,1,,3,,28,1,,30,human
2021-09-10 17:50:31,2021-09-10 17:54:45,0,98.214.234.47,100,253,1,2021-09-10 17:54:45,R_3Hwfh76dh0MLa0O,,,,,39.861602783203100,-88.9355010986328000,anonymous,EN,1,2,2,0,0,0.00,100,86,83,2,2,,,,,,,,,89,94,93,0,0,0,0,0,25,0,0,2,,1,,3,,46,1,,75,ai
2021-09-10 17:50:21,2021-09-10 17:54:48,0,167.224.165.133,100,267,1,2021-09-10 17:54:49,R_3nTaazCr62fdMlp,,,,,36.183502197265600,-94.17620086669920000,anonymous,EN,1,2,2,,,,,,,,,90,50,5,5,93,91,1,2,20,5,13,55,40,30,5,7,1,91,13,2,n/a,1,,1,,39,1,,80,human
2021-09-10 17:50:12,2021-09-10 17:55:59,0,99.188.213.133,100,347,1,2021-09-10 17:55:59,R_ZaCndlhgvXcHimd,,,,,33.761993408203100,-117.9324951171880,anonymous,EN,1,2,2,,,,,,,,,95,50,5,20,75,70,1,2,30,20,60,85,70,50,70,95,50,20,60,2,,1,,5,,28,3,,80,human
2021-09-10 17:46:36,2021-09-10 17:56:11,0,104.224.29.135,100,575,1,2021-09-10 17:56:12,R_2zduhQOjAD5HVjx,,,,,39.01800537109380,-77.53900146484380,anonymous,EN,1,2,2,68,94,5,85,71,87,2,4,,,,,,,,,86,75,89,68,60,69,100,65,80,77,68,2,,1,,3,,30,4,,100,ai
2021-09-10 17:53:40,2021-09-10 17:56:15,0,69.127.176.174,100,154,1,2021-09-10 17:56:15,R_8hJtT7nLpFE7BVD,,,,,40.8220062255859000,-73.8600006103516000,anonymous,EN,1,2,2,10,0,0,100,75,90,2,2,,,,,,,,,32,36,40,87,12,4,3,61,37,2,3,2,,1,,4,,33,4,,40,ai
2021-09-10 17:54:07,2021-09-10 17:57:00,0,72.186.0.241,100,173,1,2021-09-10 17:57:01,R_AMsXnKiNZYViqIx,,,,,28.016693115234400,-82.13590240478520000,anonymous,EN,1,2,2,,,,,,,,,100,0,5,0,100,100,1,2,100,100,100,0,0,0,0,0,0,0,0,2,,2,,3,,39,3,,0,human
2021-09-10 17:55:37,2021-09-10 17:57:24,0,70.171.9.199,100,107,1,2021-09-10 17:57:24,R_3nfq0urq9TCcS2f,,,,,29.613800048828100,-82.3860015869141000,anonymous,EN,1,2,2,,,,,,,,,50,50,0,0,50,50,1,2,0,0,0,100,50,50,50,0,50,100,66,2,,1,,5,,28,4,,100,human
2021-09-10 17:55:31,2021-09-10 17:57:35,0,71.194.212.51,100,124,1,2021-09-10 17:57:35,R_yNMl7tQK1bYLPPz,,,,,41.527099609375,-87.25330352783200000,anonymous,EN,1,2,2,,,,,,,,,86,58,5.00,22,79,72,1,2,50,50,50,67,33,38,16,66,19,19,30,2,,2,,3,,38,1,,62,human
2021-09-10 17:55:27,2021-09-10 17:57:42,0,73.153.191.15,100,134,1,2021-09-10 17:57:42,R_2aahxrT2hk7cUDK,,,,,39.729095458984400,-105.189697265625,anonymous,EN,1,2,2,0,0,0,100,50,50,1,2,,,,,,,,,0,0,0,100,9,24,0,79,20,0,21,2,,2,,3,,60,4,,0,ai
2021-09-10 17:53:16,2021-09-10 17:57:48,0,108.4.69.49,100,272,1,2021-09-10 17:57:49,R_eyPXG1tzI7Zq8I9,,,,,37.511505126953100,-77.56620025634770000,anonymous,EN,1,2,2,9,0,0,100,71,70,2,2,,,,,,,,,2,4,2,81,8,50,41,65,40,27,20,2,,2,,1,,51,4,,60,ai
2021-09-10 17:55:07,2021-09-10 17:58:02,0,172.250.117.148,100,175,1,2021-09-10 17:58:02,R_31tjX98Me6z2dSM,,,,,33.9441070556641000,-118.197998046875,anonymous,EN,1,2,2,96,90,0,36,71,71,2,2,,,,,,,,,98,86,91,18,62,17,0,16,16,0,0,2,,1,,4,,28,4,,100,ai
2021-09-10 17:56:05,2021-09-10 17:58:42,0,67.166.154.196,100,157,1,2021-09-10 17:58:42,R_1K3klCzHG6klbe1,,,,,37.697601318359400,-121.036895751953000,anonymous,EN,1,2,2,0,0,0.00,91,100,77,2,2,,,,,,,,,0,0,0,77,24,60,69,63,60,9,42,2,,,,3,,34,1,,70,ai
2021-09-10 17:56:18,2021-09-10 17:58:49,0,35.137.59.85,100,151,1,2021-09-10 17:58:49,R_10r9CgAN2mlry8o,,,,,27.9600067138672000,-82.46140289306640000,anonymous,EN,1,2,2,,,,,,,,,50,50,0,100,100,100,1,2,0,0,0,72,7,8,50,40,40,80,11,2,,2,,3,,61,4,,20,human
2021-09-10 17:56:41,2021-09-10 17:59:05,0,172.220.244.5,100,144,1,2021-09-10 17:59:06,R_27HYI2adPr8Eb0J,,,,,35.4501953125,-79.136199951171900,anonymous,EN,1,2,2,,,,,,,,,73,1,10,22,74,82,1,2,62,63,62,86,83,61,72,81,78,90,14,2,,2,,3,,27,4,,0,human
2021-09-10 17:55:41,2021-09-10 17:59:33,0,74.89.203.50,100,232,1,2021-09-10 17:59:34,R_tPLTmq1lzSqjPtn,,,,,41.0417938232422000,-72.4766998291016000,anonymous,EN,1,2,2,14,5,0.50,85,65,81,2,2,,,,,,,,,8,8,10,40,28,15,20,30,10,3,10,2,,1,,3,,52,3,,5,ai
2021-09-10 17:57:56,2021-09-10 17:59:41,0,98.0.46.131,100,104,1,2021-09-10 17:59:42,R_2ydYZbISVO46ffM,,,,,43.6016998291016000,-70.2353973388672000,anonymous,EN,1,2,2,9,0,0,95,79,50,1,2,,,,,,,,,9,19,29,68,0,0,0,46,0,0,0,2,,2,,3,,33,4,,100,ai
2021-09-10 17:56:22,2021-09-10 17:59:46,0,172.79.217.19,100,203,1,2021-09-10 17:59:46,R_2RTZziB5uMmYpaF,,,,,35.9644927978516000,-85.05460357666020000,anonymous,EN,1,2,2,,,,,,,,,75,75,3.99,0,80,60,1,2,0,25,0,70,50,30,30,75,35,0,0,2,n/a,1,,3,,45,2,,70,human
2021-09-10 17:57:29,2021-09-10 17:59:53,0,69.114.142.226,100,144,1,2021-09-10 17:59:54,R_eVCgGQpbtdptsGd,,,,,40.6627044677734000,-73.9138031005859000,anonymous,EN,1,2,2,,,,,,,,,100,0,0,63,100,50,1,2,33,0,91,50,0,5,67,100,21,0,0,2, ,2,,1,,36,3,,68,human
2021-09-10 17:57:38,2021-09-10 17:59:56,0,73.148.231.128,100,137,1,2021-09-10 17:59:57,R_2flDBxA6iRs3JPl,,,,,31.2803955078125,-81.5305023193359000,anonymous,EN,1,2,2,5,0,1,100,95,50,2,2,,,,,,,,,75,60,80,90,30,20,55,40,30,60,60,2,,1,,3,,32,4,,90,ai
2021-09-10 17:58:27,2021-09-10 18:00:48,0,172.58.43.34,100,141,1,2021-09-10 18:00:48,R_2TRjZ1SAKkGCX4B,,,,,47.6136932373047000,-122.310394287109000,anonymous,EN,1,2,2,100,8,5,100,100,100,2,2,,,,,,,,,0,0,0,66,17,61,39,44,28,21,18,2,,1,,5,,37,1,,30,ai
2021-09-10 17:58:31,2021-09-10 18:01:30,0,67.49.126.95,100,178,1,2021-09-10 18:01:30,R_2y2wQ6MAHgmp97X,,,,,34.14990234375,-116.3119964599610000,anonymous,EN,1,2,2,66,8,2,69,79,81,2,2,,,,,,,,,29,16,36,68,63,19,7,76,6,9,6,2,n/a,1,,3,,51,1,,31,ai
2021-09-10 17:58:55,2021-09-10 18:01:42,0,66.24.212.36,100,166,1,2021-09-10 18:01:42,R_3lJNcxco9xIQGBU,,,,,43.151092529296900,-77.6425018310547000,anonymous,EN,1,2,2,,,,,,,,,60,30,5,35,66,40,1,2,60,65,60,60,65,35,20,20,60,20,20,2,,4,nonbinary,1,,22,3,,70,human
2021-09-10 17:59:18,2021-09-10 18:01:55,0,96.57.65.98,100,157,1,2021-09-10 18:01:55,R_1i8OlTEnb3MWXhB,,,,,40.877105712890600,-73.0885009765625,anonymous,EN,1,2,2,81,76,2,90,100,91,2,2,,,,,,,,,30,26,17,91,24,60,65,69,36,5,71,2,n/a,1,,3,,40,3,,94,ai
2021-09-10 17:58:38,2021-09-10 18:02:02,0,71.196.38.202,100,204,1,2021-09-10 18:02:02,R_233FHTuEMDxKIBA,,,,,26.0070037841797000,-80.1219024658203000,anonymous,EN,1,2,2,,,,,,,,,83,85,7.00,16,84,75,1,2,78,84,92,81,87,31,17,17,15,15,11,2,,1,,2,,27,4,,79,human
2021-09-10 17:59:52,2021-09-10 18:02:18,0,24.233.108.39,100,146,1,2021-09-10 18:02:18,R_3k1ZW1krNashnCo,,,,,43.2873992919922000,-71.33519744873050000,anonymous,EN,1,2,2,0,0,0.00,100,100,50,2,2,,,,,,,,,0,0,0,0,35,0,0,0,0,0,0,2,,1,,3,,44,1,,1,ai
2021-09-10 18:00:06,2021-09-10 18:02:21,0,173.17.46.46,100,135,1,2021-09-10 18:02:22,R_2q33yWwrRGkgUNg,,,,,41.349700927734400,-88.84149932861330000,anonymous,EN,1,2,2,,,,,,,,,80,95,5.00,10,85,90,1,2,100,90,100,85,0,0,0,50,0,0,0,2,,1,,3,,32,1,,90,human
2021-09-10 18:00:06,2021-09-10 18:02:24,0,98.204.255.222,100,137,1,2021-09-10 18:02:24,R_28G8VjGkEPE27Ww,,,,,39.6248931884766000,-75.8350982666016000,anonymous,EN,1,2,2,,,,,,,,,70,30,3.99,20,70,60,1,2,9,15,15,30,40,5,5,19,30,0,30,2,,1,,3,,31,3,,65,human
2021-09-10 18:00:55,2021-09-10 18:02:32,0,108.94.145.194,100,97,1,2021-09-10 18:02:33,R_3JD9Fed60ncpO1W,,,,,30.052093505859400,-89.95839691162110000,anonymous,EN,1,2,2,58,0,0,80,100,79,2,2,,,,,,,,,31,36,35,50,26,12,36,10,39,20,36,2,,1,,2,,25,4,,73,ai
2021-09-10 18:01:39,2021-09-10 18:04:12,0,24.167.174.235,100,152,1,2021-09-10 18:04:12,R_8IZyh1QtlLPJgv7,,,,,36.032196044921900,-79.85880279541020000,anonymous,EN,1,2,2,90,71,5,3,98,94,1,2,,,,,,,,,15,1,1,37,0,0,0,18,21,12,0,2,,1,,3,,67,3,,71,ai
2021-09-10 17:46:26,2021-09-10 18:04:18,0,71.191.188.142,100,1071,1,2021-09-10 18:04:19,R_29iYguj6v08B4Gt,,,,,38.7740936279297000,-77.23850250244140000,anonymous,EN,1,2,2,,,,,,,,,71,50,2.50,0,100,100,1,2,0,0,0,100,100,100,100,100,100,100,100,2,,1,,3,,24,4,,50,human
2021-09-10 18:03:17,2021-09-10 18:04:46,0,24.105.238.96,100,88,1,2021-09-10 18:04:46,R_2ZQAGvSvXecxGlo,,,,,42.247802734375,-73.753997802734400,anonymous,EN,1,2,2,,,,,,,,,21,3,2,38,29,77,1,2,11,12,5,91,100,3,3,89,51,92,21,2,,2,,1,,25,4,,39,human
2021-09-10 17:58:29,2021-09-10 18:04:54,0,150.198.64.203,100,385,1,2021-09-10 18:04:55,R_3eliojQuEpdEQp2,,,,,42.50390625,-83.1822967529297000,anonymous,EN,1,2,2,,,,,,,,,10,15,5,5,33,33,1,2,20,20,20,0,0,0,0,0,0,0,0,2,,2,,3,,40,4,,50,human
2021-09-10 18:03:05,2021-09-10 18:05:46,0,73.248.230.98,100,160,1,2021-09-10 18:05:46,R_3EXXeEeIZ4ZR7Wm,,,,,40.5915985107422000,-74.317901611328100,anonymous,EN,1,2,2,15,0,0.00,65,100,50,2,2,,,,,,,,,50,60,55,70,75,10,10,90,30,0,5,2,,1,,3,,32,3,,95,ai
2021-09-10 18:00:41,2021-09-10 18:07:32,0,76.190.76.254,100,410,1,2021-09-10 18:07:32,R_elFLwoCsZVSkAgx,,,,,41.413604736328100,-81.90309906005860000,anonymous,EN,1,2,2,,,,,,,,,68,55,0.1,70,60,60,2,2,62,77,66,85,70,77,58,69,62,82,67,2,,1,,3,,29,4,,65,human
2021-09-10 18:04:45,2021-09-10 18:08:40,0,172.115.179.129,100,235,1,2021-09-10 18:08:41,R_xAiDYYTNMAeNYWt,,,,,34.0283966064453000,-117.287200927734000,anonymous,EN,1,2,2,,,,,,,,,68,70,3,32,64,22,1,2,52,23,59,71,68,38,66,69,64,62,54,2,,1,,1,,30,3,,33,human
2021-09-10 18:07:38,2021-09-10 18:08:48,0,12.127.255.198,100,69,1,2021-09-10 18:08:49,R_3P4EHnGVE46hqH9,,,,,36.055694580078100,-94.15670013427730000,anonymous,EN,1,2,2,82,89,5,26,81,84,2,2,,,,,,,,,25,50,37,84,33,27,30,53,67,83,75,2,,2,,1,,26,4,,72,ai
2021-09-10 18:09:36,2021-09-10 18:11:44,0,50.81.131.15,100,127,1,2021-09-10 18:11:44,R_2zYCTOquVYp53fL,,,,,40.1967926025391000,-88.3925018310547000,anonymous,EN,1,2,2,77,68,10,70,43,68,2,4,,,,,,,,,64,39,74,81,36,60,72,31,60,68,42,2,,2,,1,,30,5,,66,ai
2021-09-10 18:09:03,2021-09-10 18:11:49,0,136.35.212.171,100,166,1,2021-09-10 18:11:49,R_AyxmUmwIPHXl6ox,,,,,39.2733001708984000,-94.56939697265630,anonymous,EN,1,2,2,,,,,,,,,60,0,1,6,60,8,1,2,18,39,49,61,50,10,8,8,29,0,0,2,,2,,3,,29,1,,30,human
2021-09-10 18:09:34,2021-09-10 18:12:34,0,129.71.215.161,100,180,1,2021-09-10 18:12:35,R_1EXc6wkFNxnysfJ,,,,,38.4141998291016000,-81.75820159912110000,anonymous,EN,1,2,2,63,0,3.99,61,82,60,2,2,,,,,,,,,2,21,12,50,24,15,5,17,2,0,0,2,,1,,3,,50,4,,40,ai
2021-09-10 18:10:38,2021-09-10 18:12:53,0,141.193.239.191,100,134,1,2021-09-10 18:12:53,R_2BfIIJrUSF6LdOY,,,,,37.1493072509766000,-77.2725982666016000,anonymous,EN,1,2,2,,,,,,,,,100,0,5,0,100,100,1,2,0,0,0,100,0,100,97,100,100,0,100,2,,2,,3,,30,4,,22,human
2021-09-10 18:10:15,2021-09-10 18:13:05,0,98.127.137.72,100,169,1,2021-09-10 18:13:05,R_3L6GlsRkeajC6bJ,,,,,46.609893798828100,-112.0243988037110000,anonymous,EN,1,2,2,,,,,,,,,0,0,0.00,75,20,5,1,2,15,5,90,0,0,0,0,0,0,0,0,2,,1,,3,,49,1,,60,human
2021-09-10 18:10:32,2021-09-10 18:13:10,0,174.44.64.129,100,157,1,2021-09-10 18:13:10,R_3oARayWOpt6D6hw,,,,,40.5977935791016000,-74.00009918212890000,anonymous,EN,1,2,2,,,,,,,,,8,14,0,22,30,19,1,2,58,16,15,58,14,7,4,8,9,18,0,2,,1,,2,,28,4,,78,human
2021-09-10 18:10:01,2021-09-10 18:13:25,0,73.98.19.110,100,204,1,2021-09-10 18:13:25,R_2azdv7uIZp8nDSz,,,,,35.187103271484400,-106.66590118408200000,anonymous,EN,1,2,2,30,0,0,100,80,90,2,2,,,,,,,,,75,60,80,95,100,50,60,100,75,60,40,2,,1,,4,,31,4,,90,ai
2021-09-10 18:09:21,2021-09-10 18:13:26,0,108.14.73.174,100,245,1,2021-09-10 18:13:27,R_25FQQJm3lh1CuQH,,,,,40.5977935791016000,-74.00009918212890000,anonymous,EN,1,2,2,,,,,,,,,49,25,0,60,10,0,1,2,100,90,90,10,25,0,0,0,0,10,15,1,Using the app called 'Replika',1,,2,,35,4,,40,human
2021-09-10 18:11:04,2021-09-10 18:13:47,0,69.151.221.17,100,162,1,2021-09-10 18:13:47,R_1NsOHtn3xPco3Mi,,,,,35.46429443359380,-82.533599853515600,anonymous,EN,1,2,2,24,13,0,91,95,60,1,2,,,,,,,,,75,55,90,80,70,30,0,34,60,0,45,2,,1,,3,,41,4,,100,ai
2021-09-10 18:10:29,2021-09-10 18:13:53,0,73.219.249.59,100,204,1,2021-09-10 18:13:54,R_AEBcLw0lppIzQKR,,,,,42.246307373046900,-70.99720001220700000,anonymous,EN,1,2,2,0,0,0,100,75,50,1,2,,,,,,,,,100,100,100,50,0,10,50,0,50,0,25,2,,1,,2,,34,4,,100,ai
2021-09-10 18:13:08,2021-09-10 18:14:07,0,107.211.221.205,100,59,1,2021-09-10 18:14:08,R_22CSzCa95Ev2z7n,,,,,30.857696533203100,-90.11550140380860000,anonymous,EN,1,4,1,,,,,,,,,,,,,,,,,,,,,,,,,,,,,,,,,,,,,,
2021-09-10 18:11:12,2021-09-10 18:14:21,0,162.211.34.219,100,188,1,2021-09-10 18:14:21,R_QalkQBNMKYczqCJ,,,,,40.47979736328130,-88.9922027587891000,anonymous,EN,1,2,2,,,,,,,,,61,18,3.00,0,71,50,1,2,50,61,92,100,100,50,15,100,40,0,5,1,"I can't remember the name of it, but it was an AI friend that you could teach to chat with you for mental health stuff.",2,,3,,29,4,,100,human
2021-09-10 18:10:47,2021-09-10 18:14:28,0,174.53.41.78,100,220,1,2021-09-10 18:14:28,R_1cS3ZJIZYrkKHIR,,,,,34.8108062744141000,-92.2248992919922000,anonymous,EN,1,2,2,,,,,,,,,45,0,1.50,0,60,11,1,2,3,88,70,50,30,0,1,50,40,10,0,2,,2,,3,,31,1,,60,human
2021-09-10 18:12:23,2021-09-10 18:14:33,0,75.36.114.184,100,130,1,2021-09-10 18:14:34,R_qQpbzjg90hU77YB,,,,,36.0944061279297000,-95.97170257568360000,anonymous,EN,1,2,2,5,0,0,100,91,100,2,2,,,,,,,,,4,3,2,1,76,0,0,0,0,0,0,2,,2,,3,,35,5,,25,ai
2021-09-10 18:12:37,2021-09-10 18:14:35,0,75.138.8.177,100,118,1,2021-09-10 18:14:35,R_2EyMVoSgzcvaSff,,,,,34.5890960693359000,-86.99089813232420000,anonymous,EN,1,2,2,0,0,0,100,100,100,2,2,,,,,,,,,10,0,0,81,0,19,0,29,10,0,0,2,,1,,3,,35,3,,55,ai
2021-09-10 18:10:41,2021-09-10 18:14:46,0,162.210.104.57,100,244,1,2021-09-10 18:14:46,R_3sjOAZVmCHFQJAu,,,,,38.87030029296880,-119.6114959716800000,anonymous,EN,1,2,2,9,0,0.00,100,100,100,2,2,,,,,,,,,0,0,100,100,9,0,0,51,50,0,0,2,,2,,3,,66,4,,82,ai
2021-09-10 18:12:28,2021-09-10 18:14:52,0,73.173.103.253,100,143,1,2021-09-10 18:14:52,R_3qwLpj5ZFJAbVCn,,,,,39.21240234375,-76.87760162353520000,anonymous,EN,1,2,2,,,,,,,,,5,0,0,80,15,10,1,2,90,90,90,0,0,0,0,10,0,0,0,2,,1,,3,,27,4,,5,human
2021-09-10 18:11:50,2021-09-10 18:15:00,0,217.138.217.55,100,190,1,2021-09-10 18:15:01,R_2YQd5Tm8cxm4zYs,,,,,34.048492431640600,-118.252899169922000,anonymous,EN,1,2,2,5,0,0,100,95,90,2,2,,,,,,,,,85,35,65,85,75,0,0,60,10,0,5,2,,1,,3,,40,7,,75,ai
2021-09-10 18:13:42,2021-09-10 18:16:20,0,216.220.249.239,100,157,1,2021-09-10 18:16:20,R_sC3IMQQIqcGtvpL,,,,,43.9579010009766000,-70.29489898681640000,anonymous,EN,1,2,2,,,,,,,,,95,90,8,0,90,80,1,2,2,1,0,96,5,10,50,60,50,0,3,2,,1,,3,,33,4,,85,human
2021-09-10 18:14:43,2021-09-10 18:17:20,0,108.34.207.31,100,156,1,2021-09-10 18:17:21,R_1d4E4lxBdESbxkA,,,,,41.873992919921900,-71.3843994140625,anonymous,EN,1,2,2,36,19,0,50,75,59,2,2,,,,,,,,,38,10,10,78,17,24,7,25,24,26,49,2,,1,,4,,27,4,,20,ai
2021-09-10 18:14:30,2021-09-10 18:17:32,0,64.224.70.47,100,181,1,2021-09-10 18:17:32,R_1MQctCwA9s3yPke,,,,,38.44110107421880,-92.9998016357422000,anonymous,EN,1,2,2,0,0,0,100,100,100,1,2,,,,,,,,,0,10,0,82,9,0,0,82,50,0,0,2,,2,,3,,63,3,,72,ai
2021-09-10 18:16:05,2021-09-10 18:18:47,0,98.149.74.82,100,161,1,2021-09-10 18:18:47,R_2qwvyIdwScUA4oV,,,,,33.8000946044922000,-117.994903564453000,anonymous,EN,1,2,2,,,,,,,,,20,19,1,56,45,48,1,2,3,3,1,52,33,14,17,52,43,20,11,2,,2,,2,,46,4,,46,human
2021-09-10 18:15:14,2021-09-10 18:18:48,0,108.21.192.116,100,214,1,2021-09-10 18:18:49,R_3CATFiAypQLUHa6,,,,,40.73590087890630,-73.9904022216797000,anonymous,EN,1,2,2,,,,,,,,,65,65,0.00,45,50,35,1,2,3,1,1,50,20,3,50,25,30,0,10,2,,1,,2,,27,4,,70,human
2021-09-10 18:16:10,2021-09-10 18:18:57,0,24.96.75.62,100,166,1,2021-09-10 18:18:57,R_29hw53u00guhyIz,,,,,34.709503173828100,-86.7360992431641000,anonymous,EN,1,2,2,65,0,1.99,100,100,100,1,2,,,,,,,,,0,50,50,100,65,0,0,30,10,0,0,2,,2,,3,,35,4,,40,ai
2021-09-10 18:17:50,2021-09-10 18:20:12,0,75.176.120.196,100,141,1,2021-09-10 18:20:12,R_3PcXQJA8mV5Gke2,,,,,33.973907470703100,-81.2344970703125,anonymous,EN,1,2,2,20,40,5.00,50,77,80,2,2,,,,,,,,,11,9,18,75,50,30,30,50,50,60,45,2,,1,,2,,27,4,,55,ai
2021-09-10 18:17:20,2021-09-10 18:20:13,0,71.66.195.230,100,172,1,2021-09-10 18:20:13,R_2usPwroCkdIOoeB,,,,,37.153106689453100,-84.098602294921900,anonymous,EN,1,2,2,,,,,,,,,25,60,4.99,85,30,15,1,2,10,15,10,85,70,10,0,90,15,5,0,2,,2,,3,,49,3,,80,human
2021-09-10 18:15:49,2021-09-10 18:20:21,0,73.82.138.252,100,271,1,2021-09-10 18:20:21,R_1isyUf3ZIrMPUVi,,,,,33.93719482421880,-84.0791015625,anonymous,EN,1,2,2,,,,,,,,,30,5,0,50,50,40,1,2,1,1,5,20,50,10,1,40,10,10,0,2,,2,,3,,51,4,,75,human
2021-09-10 18:17:38,2021-09-10 18:21:16,0,107.211.221.205,100,218,1,2021-09-10 18:21:17,R_5auc5cLcM8mIOzL,,,,,30.857696533203100,-90.11550140380860000,anonymous,EN,1,2,2,,,,,,,,,84,66,10,63,77,68,1,4,70,86,84,71,95,80,65,82,68,88,66,2,none,2,,1,,23,4,,86,human
2021-09-10 18:18:06,2021-09-10 18:21:28,0,216.170.171.39,100,202,1,2021-09-10 18:21:29,R_Wp47aKeIyaS3lzr,,,,,37.1457061767578000,-113.36150360107400000,anonymous,EN,1,2,2,,,,,,,,,5,3,1,63,58,23,1,2,43,59,38,34,99,5,1,23,1,0,0,2,,2,,3,,34,2,,23,human
2021-09-10 18:09:00,2021-09-10 18:21:34,0,108.220.13.47,100,754,1,2021-09-10 18:21:35,R_3fVuWB9hwyPu9pq,,,,,32.8618927001953000,-97.3426971435547000,anonymous,EN,1,2,2,,,,,,,,,60,50,2,71,55,29,1,2,1,0,0,45,18,4,0,18,8,6,0,2,,1,,3,,38,4,,0,human
2021-09-10 18:19:58,2021-09-10 18:21:36,0,73.253.75.176,100,97,1,2021-09-10 18:21:36,R_3PB9oMHYlIokX4L,,,,,42.456695556640600,-71.37470245361330000,anonymous,EN,1,2,2,0,0,0.00,100,82,50,2,2,,,,,,,,,100,100,100,0,50,0,0,0,0,0,0,2,,2,,3,,25,4,,100,ai
2021-09-10 18:17:24,2021-09-10 18:21:52,0,24.206.134.81,100,268,1,2021-09-10 18:21:53,R_3MbNTsYMuq5768W,,,,,33.697906494140600,-95.38559722900390000,anonymous,EN,1,2,2,15,0,1.50,55,95,100,1,2,,,,,,,,,60,25,75,10,15,0,0,0,15,0,0,2,,1,,3,,46,3,,35,ai
2021-09-10 18:19:07,2021-09-10 18:22:39,0,32.211.205.219,100,212,1,2021-09-10 18:22:39,R_sqkHatNcqpZ4Ebn,,,,,41.12249755859380,-73.44249725341800000,anonymous,EN,1,2,2,60,6,0.50,95,74,92,1,2,,,,,,,,,15,20,36,85,70,14,89,86,71,0,75,2,,1,,3,,44,4,,30,ai
2021-09-10 18:18:50,2021-09-10 18:24:22,0,137.103.114.217,100,332,1,2021-09-10 18:24:23,R_3QGKMktBcQ6tCxx,,,,,43.14190673828130,-71.25060272216800000,anonymous,EN,1,2,2,,,,,,,,,85,5,3,15,70,20,1,2,66,70,67,60,40,55,10,30,50,30,40,2,,2,,3,,44,4,,65,human
2021-09-10 18:15:19,2021-09-10 18:24:31,0,68.230.210.78,100,551,1,2021-09-10 18:24:31,R_1mEsgzIMZ5ui4TD,,,,,36.796905517578100,-76.1797027587891000,anonymous,EN,1,2,2,27,26,0,100,99,97,2,2,,,,,,,,,20,24,22,22,32,31,26,28,27,30,8,2,,1,,1,,43,7,,50,ai
2021-09-10 18:23:28,2021-09-10 18:25:32,0,72.16.2.188,100,124,1,2021-09-10 18:25:33,R_3FVVMy05UGLG594,,,,,41.5695953369141000,-81.20960235595700000,anonymous,EN,1,2,2,,,,,,,,,45,0,0,49,62,63,1,2,1,0,4,63,25,21,3,67,12,40,17,2,,2,,3,,31,5,,32,human
2021-09-10 18:23:33,2021-09-10 18:25:50,0,72.197.143.19,100,137,1,2021-09-10 18:25:51,R_2VlIZqyFPzIR3tk,,,,,32.725799560546900,-116.9933013916020000,anonymous,EN,1,2,2,38,6,5,71,100,100,1,2,,,,,,,,,0,0,0,71,25,10,53,56,40,26,45,2,,2,,4,,32,3,,57,ai
2021-09-10 18:24:24,2021-09-10 18:27:46,0,72.188.14.114,100,201,1,2021-09-10 18:27:46,R_3fOTcJPIrThSMeK,,,,,29.042205810546900,-81.2863006591797000,anonymous,EN,1,2,2,82,29,7,29,87,77,2,2,,,,,,,,,60,70,70,80,60,82,59,89,81,92,69,2,,1,,3,,30,4,,75,ai
2021-09-10 18:24:21,2021-09-10 18:27:57,0,99.103.122.86,100,215,1,2021-09-10 18:27:57,R_2Xps7JbeJrDKWkj,,,,,29.542205810546900,-95.321197509765600,anonymous,EN,1,2,2,,,,,,,,,25,30,0,50,60,40,1,2,60,35,84,75,70,25,10,19,26,31,14,2,,1,,3,,26,3,,75,human
2021-09-10 18:24:34,2021-09-10 18:28:53,0,184.91.109.132,100,259,1,2021-09-10 18:28:54,R_1FlUeGRTZt8PzgK,,,,,28.65240478515630,-81.4897003173828000,anonymous,EN,1,2,2,70,0,2,55,100,100,2,2,,,,,,,,,70,60,90,100,100,0,0,100,100,0,0,2,,2,,3,,42,1,,100,ai
2021-09-10 18:27:50,2021-09-10 18:29:55,0,76.23.37.45,100,125,1,2021-09-10 18:29:56,R_2urFIeUxHHovw2C,,,,,40.8791961669922000,-111.86859893798800000,anonymous,EN,1,2,2,4,0,3,100,66,91,1,2,,,,,,,,,0,9,4,100,88,100,59,96,63,19,63,2,,1,,3,,33,3,,79,ai
2021-09-10 18:28:14,2021-09-10 18:30:02,0,69.23.235.1,100,108,1,2021-09-10 18:30:03,R_vPRFJIHvWKMFQ6R,,,,,38.21319580078130,-84.545501708984400,anonymous,EN,1,2,2,,,,,,,,,5,0,0,10,54,40,1,2,20,10,5,55,0,0,0,40,10,0,0,2,,2,,3,,35,2,,30,human
2021-09-10 18:26:30,2021-09-10 18:30:22,0,108.73.188.110,100,231,1,2021-09-10 18:30:22,R_WBEhLJrKMKmG9Ff,,,,,33.8520050048828000,-84.11519622802730000,anonymous,EN,1,2,2,,,,,,,,,31,29,0,77,21,4,1,2,23,24,23,74,50,27,72,44,37,9,28,1,Cortona surrounds us all. And also alexa. And also Ultron.  And also Lord Sauron.,1,,3,,29,4,,100,human
2021-09-10 18:28:22,2021-09-10 18:32:04,0,162.40.215.168,100,221,1,2021-09-10 18:32:04,R_0fkJeWqVjaE1185,,,,,29.8096923828125,-82.467498779296900,anonymous,EN,1,2,2,,,,,,,,,30,40,5,30,45,25,1,2,35,35,75,70,25,20,75,85,60,10,65,2,,1,,3,,35,4,,70,human
2021-09-10 18:31:51,2021-09-10 18:33:44,0,98.111.113.82,100,113,1,2021-09-10 18:33:45,R_3MaIIT0bVLhQstD,,,,,40.274993896484400,-76.80390167236330000,anonymous,EN,1,2,2,0,0,0,100,8,99,2,2,,,,,,,,,71,70,71,11,1,4,0,15,0,1,0,2,,1,,3,,29,2,,37,ai
2021-09-10 18:33:30,2021-09-10 18:34:46,0,160.19.3.249,100,75,1,2021-09-10 18:34:46,R_2Cvx07CMABcSeci,,,,,37.4927978515625,-77.470001220703100,anonymous,EN,1,2,2,,,,,,,,,19,6,0,40,64,67,1,2,3,5,15,19,5,7,34,0,17,0,12,2,,1,,3,,30,1,,28,human
2021-09-10 18:37:10,2021-09-10 18:44:03,0,108.190.186.109,100,413,1,2021-09-10 18:44:04,R_3kt97ExHvMUUdWg,,,,,28.016693115234400,-82.13590240478520000,anonymous,EN,1,2,2,0,0,0.00,100,100,50,2,2,,,,,,,,,100,100,100,70,0,30,20,30,50,0,0,2,n/a,1,,4,,35,4,,100,ai
2021-09-10 18:40:59,2021-09-10 18:45:45,0,173.73.43.135,100,285,1,2021-09-10 18:45:45,R_31MgkhQ8fom65ip,,,,,39.082794189453100,-77.16739654541020000,anonymous,EN,1,2,2,,,,,,,,,62,19,4,8,58,50,1,2,73,70,91,62,80,55,34,81,29,0,30,2,,1,,2,,34,5,,19,human
2021-09-10 18:46:20,2021-09-10 18:48:16,0,24.131.146.76,100,116,1,2021-09-10 18:48:17,R_1fkinoyqTrKNuWk,,,,,45.012298583984400,-93.34470367431640000,anonymous,EN,1,2,2,24,0,0.00,100,81,50,2,2,,,,,,,,,22,22,42,91,43,9,11,50,24,0,16,2,,1,,3,,40,2,,0,ai
2021-09-10 18:51:11,2021-09-10 18:56:30,0,104.183.119.52,100,319,1,2021-09-10 18:56:31,R_vuiWnTEiqiwYj3b,,,,,28.5503997802734000,-81.18329620361330000,anonymous,EN,1,2,2,,,,,,,,,80,27,7,8,56,16,1,2,69,49,85,36,17,31,72,10,35,0,69,2,,2,,2,,31,4,,87,human
2021-09-10 18:56:11,2021-09-10 18:58:59,0,24.116.189.95,100,168,1,2021-09-10 18:59:00,R_3meDWZ1PYCQ4nxT,,,,,30.4604949951172000,-89.085601806640600,anonymous,EN,1,2,2,0,0,0.00,50,90,90,1,2,,,,,,,,,91,92,95,60,50,0,0,40,22,0,0,1,"I can't remember the name of the app, but it was for a brief period. I only wanted to try and see what it was like to chat with an AI.",1,,1,,26,1,,100,ai